Designator,Val,Package,Mid X,Mid Y,Rotation,Layer
C1,33n,C_0603_1608Metric,216.408,-132.588,-90.0,top
C2,33n,C_0603_1608Metric,218.44,-131.94,-90.0,top
C3,4.7u,C_0603_1608Metric,132.588,-189.484,0.0,top
C4,4.7u,C_0603_1608Metric,137.16,-179.324,90.0,top
C5,2.2u,C_0603_1608Metric,129.032,-183.388,0.0,top
C6,4.7u,C_0603_1608Metric,121.92,-179.324,0.0,top
C7,4.7u,C_0603_1608Metric,133.096,-179.324,180.0,top
C8,220n,C_0603_1608Metric,198.628,-115.57,90.0,top
C9,100n,C_0603_1608Metric,201.168,-113.284,180.0,top
D1,LED_RGB,E6C1615RGBC3UDA-A01,180.34,-129.54,90.0,top
D10,LED_RGB,E6C1615RGBC3UDA-A01,165.1,-63.5,180.0,top
D11,LED_RGB,E6C1615RGBC3UDA-A01,246.38,-63.5,180.0,top
D12,LED_RGB,E6C1615RGBC3UDA-A01,223.52,-114.3,180.0,top
D13,LED_RGB,E6C1615RGBC3UDA-A01,180.34,-142.24,90.0,top
D14,LED_RGB,E6C1615RGBC3UDA-A01,231.14,-142.24,90.0,top
D15,LED_RGB,E6C1615RGBC3UDA-A01,187.96,-114.3,180.0,top
D16,LED_RGB,E6C1615RGBC3UDA-A01,144.78,-78.74,180.0,top
D17,LED_RGB,E6C1615RGBC3UDA-A01,266.7,-78.74,180.0,top
D18,LED_RGB,E6C1615RGBC3UDA-A01,227.33,-114.3,180.0,top
D19,LED_RGB,E6C1615RGBC3UDA-A01,180.34,-148.59,90.0,top
D2,LED_RGB,E6C1615RGBC3UDA-A01,231.14,-129.54,90.0,top
D20,LED_RGB,E6C1615RGBC3UDA-A01,231.14,-148.59,90.0,top
D21,LED_RGB,E6C1615RGBC3UDA-A01,191.77,-114.3,180.0,top
D22,LED_RGB,E6C1615RGBC3UDA-A01,124.46,-93.98,180.0,top
D23,LED_RGB,E6C1615RGBC3UDA-A01,287.02,-93.98,180.0,top
D24,LED_RGB,E6C1615RGBC3UDA-A01,231.14,-114.3,180.0,top
D25,LED_RGB,E6C1615RGBC3UDA-A01,180.34,-154.94,90.0,top
D26,LED_RGB,E6C1615RGBC3UDA-A01,231.14,-154.94,90.0,top
D27,LED_RGB,E6C1615RGBC3UDA-A01,180.34,-118.11,180.0,top
D28,LED_RGB,E6C1615RGBC3UDA-A01,144.78,-109.22,180.0,top
D29,LED_RGB,E6C1615RGBC3UDA-A01,266.7,-109.22,180.0,top
D3,LED_RGB,E6C1615RGBC3UDA-A01,180.34,-114.3,180.0,top
D30,LED_RGB,E6C1615RGBC3UDA-A01,219.71,-118.11,180.0,top
D31,LED_RGB,E6C1615RGBC3UDA-A01,180.34,-161.29,90.0,top
D32,LED_RGB,E6C1615RGBC3UDA-A01,231.14,-161.29,90.0,top
D33,LED_RGB,E6C1615RGBC3UDA-A01,184.15,-118.11,180.0,top
D34,LED_RGB,E6C1615RGBC3UDA-A01,124.46,-124.46,180.0,top
D35,LED_RGB,E6C1615RGBC3UDA-A01,287.02,-124.46,180.0,top
D36,LED_RGB,E6C1615RGBC3UDA-A01,223.52,-118.11,180.0,top
D37,LED_RGB,E6C1615RGBC3UDA-A01,180.34,-167.64,90.0,top
D38,LED_RGB,E6C1615RGBC3UDA-A01,231.14,-167.64,90.0,top
D39,LED_RGB,E6C1615RGBC3UDA-A01,187.96,-118.11,180.0,top
D4,LED_RGB,E6C1615RGBC3UDA-A01,185.42,-78.74,180.0,top
D40,LED_RGB,E6C1615RGBC3UDA-A01,144.78,-139.7,180.0,top
D41,LED_RGB,E6C1615RGBC3UDA-A01,266.7,-139.7,180.0,top
D42,LED_RGB,E6C1615RGBC3UDA-A01,227.33,-118.11,180.0,top
D43,LED_RGB,E6C1615RGBC3UDA-A01,180.34,-173.99,90.0,top
D44,LED_RGB,E6C1615RGBC3UDA-A01,231.14,-173.99,90.0,top
D45,LED_RGB,E6C1615RGBC3UDA-A01,191.77,-118.11,180.0,top
D46,LED_RGB,E6C1615RGBC3UDA-A01,124.46,-154.94,180.0,top
D47,LED_RGB,E6C1615RGBC3UDA-A01,287.02,-154.94,180.0,top
D48,LED_RGB,E6C1615RGBC3UDA-A01,231.14,-118.11,180.0,top
D5,LED_RGB,E6C1615RGBC3UDA-A01,226.06,-78.74,180.0,top
D6,LED_RGB,E6C1615RGBC3UDA-A01,219.71,-114.3,180.0,top
D7,LED_RGB,E6C1615RGBC3UDA-A01,180.34,-135.89,90.0,top
D8,LED_RGB,E6C1615RGBC3UDA-A01,231.14,-135.89,90.0,top
D9,LED_RGB,E6C1615RGBC3UDA-A01,184.15,-114.3,180.0,top
R1,1M,R_0603_1608Metric,213.043,-189.484,180.0,top
R10,100,R_0603_1608Metric,132.588,-187.96,0.0,top
R11,4.7k,R_0603_1608Metric,200.152,-116.078,-90.0,top
R12,20k,R_0603_1608Metric,209.296,-112.776,90.0,top
R13,4.7k,R_0603_1608Metric,201.676,-116.078,-90.0,top
R14,4.7k,R_0603_1608Metric,212.344,-116.332,-90.0,top
R15,100k,R_0603_1608Metric,209.804,-117.602,-90.0,top
R2,1M,R_0603_1608Metric,213.043,-191.008,180.0,top
R3,1k,R_0603_1608Metric,121.92,-180.848,180.0,top
R4,1k,R_0603_1608Metric,133.096,-180.848,0.0,top
R5,1M,R_0603_1608Metric,133.096,-183.896,90.0,top
R6,1M,R_0603_1608Metric,131.572,-183.896,90.0,top
R7,1M,R_0603_1608Metric,121.92,-177.8,180.0,top
R8,100,R_0603_1608Metric,135.636,-176.784,90.0,top
R9,1M,R_0603_1608Metric,133.096,-177.8,0.0,top
SW18,SW_Push,Button_C4B1802110,175.26,-129.54,0.0,top
SW19,SW_Push,Button_C4B1802110,175.26,-135.89,0.0,top
SW20,SW_Push,Button_C4B1802110,175.26,-142.24,0.0,top
SW21,SW_Push,Button_C4B1802110,175.26,-148.59,0.0,top
SW22,SW_Push,Button_C4B1802110,175.26,-154.94,0.0,top
SW23,SW_Push,Button_C4B1802110,175.26,-161.29,0.0,top
SW24,SW_Push,Button_C4B1802110,175.26,-167.64,0.0,top
SW25,SW_Push,Button_C4B1802110,175.26,-173.99,0.0,top
SW26,SW_Push,Button_C4B1802110,236.22,-129.54,0.0,top
SW27,SW_Push,Button_C4B1802110,236.22,-135.89,0.0,top
SW28,SW_Push,Button_C4B1802110,236.22,-142.24,0.0,top
SW29,SW_Push,Button_C4B1802110,236.22,-148.59,0.0,top
SW30,SW_Push,Button_C4B1802110,236.22,-154.94,0.0,top
SW31,SW_Push,Button_C4B1802110,236.22,-161.29,0.0,top
SW32,SW_Push,Button_C4B1802110,236.22,-167.64,0.0,top
SW33,SW_Push,Button_C4B1802110,236.22,-173.99,0.0,top
U1,CD4051B,SOIC-16_3.9x9.9mm_P1.27mm,165.1,-91.44,270.0,top
U10,CD4051B,SOIC-16_3.9x9.9mm_P1.27mm,245.11,-151.765,270.0,top
U2,CD4051B,SOIC-16_3.9x9.9mm_P1.27mm,165.1,-104.14,270.0,top
U3,TL072,SO-8_3.9x4.9mm_P1.27mm,127.508,-179.832,270.0,top
U4,CD4051B,SOIC-16_3.9x9.9mm_P1.27mm,165.1,-116.84,270.0,top
U5,CD4051B,SOIC-16_3.9x9.9mm_P1.27mm,246.38,-91.44,270.0,top
U6,CD4051B,SOIC-16_3.9x9.9mm_P1.27mm,246.38,-104.14,270.0,top
U7,IS31FL3731-QF,QFN-28-1EP_4x4mm_P0.4mm_EP2.3x2.3mm,205.74,-115.57,90.0,top
U8,CD4051B,SOIC-16_3.9x9.9mm_P1.27mm,246.38,-116.84,270.0,top
U9,CD4051B,SOIC-16_3.9x9.9mm_P1.27mm,166.37,-151.765,270.0,top
